label,roc_auc,f1_score
toxic,0.9416760812567341,0.6592707525213344
severe_toxic,0.9681804472578283,0.34782608695652173
obscene,0.9520285086080864,0.6702143385070214
threat,0.9782739842927863,0.3464566929133858
insult,0.9454435376570545,0.5855183191526306
identity_hate,0.9482179109463628,0.3466666666666667
