label,roc_auc,auc_pr,macro_precision,macro_recall,macro_f1,best_C,best_penalty
toxic,0.9456017922837918,0.7291288126455696,0.6999906528931403,0.8742227389325948,0.7435397966994213,1.0,l2
severe_toxic,0.981749125099908,0.2985536898154101,0.5475645100158758,0.9302259814282459,0.5737206086585811,0.1,l2
obscene,0.9598703716136249,0.7428056542151713,0.6993643243211549,0.898512532285006,0.7555647250303739,0.1,l1
threat,0.9863417892019056,0.31232080950082514,0.5862733874811545,0.9058063653985552,0.6396677719824256,1.0,l2
insult,0.9553519376000601,0.6779367790509472,0.6766976852817876,0.8878464905763734,0.7304451566536192,1.0,l2
identity_hate,0.965227930528388,0.42014127751230307,0.5648060176248381,0.9003552683035814,0.5969176820170344,0.1,l2
